
 {
 "AC": 1.1324,
"AD": 0.64956,
"AE": 1.4508,
"AF": -0.94481,
"AG": 0.61648,
"AH": 0.18126,
"AI": -0.40334,
"AK": 1.5205,
"AL": -0.14273,
"AM": 0.87543,
"AN": -0.27545,
"AP": 0.9504,
"AQ": 2.5355,
"AR": 0.22782,
"AS": 2.1014,
"AT":  1.715,
"AV": 2.1414,
"AW": -0.95623,
"AY": -0.52693,
"AcidicAcidic": 0.68231,
"AcidicBasic": 0.72071,
"AcidicNon": -1.0392,
"AcidicPolar": 0.80579,
"BasicBasic": 0.63982,
"BasicNon": -1.0519,
"BasicPolar": 0.35783,
"BigBig": -0.15043,
"BigMicro": -0.52118,
"CE": -1.3719,
"CF": 1.3407,
"CG": -0.26989,
"CH": -0.16893,
"CI": -0.61229,
"CK": 0.27163,
"CL": 1.2221,
"CM": -0.75118,
"CP": -1.6966,
"CQ": -0.4955,
"CS": 1.3395,
"CT": 0.17294,
"CV": 2.0496,
"CW": 0.6384,
"CY": 2.3703,
"DC": -1.6051,
"DE": 2.1754,
"DF": -1.5424,
"DG": -0.11175,
"DH": -0.98803,
"DI": -1.8131,
"DK": -0.7112,
"DL": -1.3915,
"DM": -0.74171,
"DP": -1.0019,
"DQ": 0.65991,
"DS": -1.2798,
"DT": -2.2701,
"DV": -0.90409,
"DW": -0.84548,
"DY": -1.2772,
"EF": -2.1195,
"EG": 0.1677,
"EH": -1.7301,
"EI": -2.185,
"EK": 0.018624,
"EL": -1.7736,
"EM": -1.169,
"EP": 0.66403,
"ES": 0.26936,
"ET": -0.59759,
"EV": -0.32936,
"EW": -1.2755,
"EY": -1.9267,
"FP": -1.2743,
"FS": -0.15724,
"FT": -0.68004,
"FV": -1.0388,
"FW": 0.94082,
"FY":  3.158,
"GF": -1.4879,
"GH": -1.2074,
"GI": -2.0648,
"GK": 0.091217,
"GL": -2.0824,
"GM": -1.1801,
"GP": -1.6635,
"GS":  1.153,
"GT": -2.0703,
"GV": -1.1966,
"GW": -0.40128,
"GY": -1.2365,
"HF": -1.2402,
"HI": -1.0875,
"HK": -1.4612,
"HL": 0.0019177,
"HM": -1.178,
"HP": 0.83392,
"HS": -0.037609,
"HT": -1.5985,
"HV": -1.4704,
"HW": -0.59342,
"HY": 1.6346,
"IF": -0.21929,
"IK": -0.42214,
"IM": 1.9474,
"IP": -0.79053,
"IS": -0.80867,
"IT": 1.9062,
"IV": 3.1196,
"IW": -1.262,
"IY": -0.4309,
"KF": -0.54354,
"KM": 0.70532,
"KP": 1.7532,
"KS": 0.93586,
"KT": 0.66256,
"KV": 0.026871,
"KW": -0.51541,
"KY": -0.79821,
"LF": 0.49964,
"LI": 1.4285,
"LK": 0.41259,
"LM": 2.3331,
"LP": -0.56648,
"LS": 0.28243,
"LT": -0.16398,
"LV": 0.90737,
"LW": -0.51616,
"LY": 0.55113,
"MF": 0.061043,
"MP": -0.24115,
"MS": 0.69794,
"MT": 2.3531,
"MV": 1.2343,
"MW": -0.40988,
"MY": 0.38472,
"MicroMicro": 0.68533,
"NC": -1.0566,
"ND": 0.58226,
"NE": -0.10518,
"NF": -1.1731,
"NG": 0.2251,
"NH":  1.565,
"NI": -0.86327,
"NK": 1.6968,
"NL": -1.0561,
"NM": -0.42481,
"NP": -0.67052,
"NQ": 1.4244,
"NS": 1.5998,
"NT": 0.60444,
"NV": -1.0117,
"NW": -0.26575,
"NY": 0.82718,
"NonNon": -0.59756,
"NonPolar": -0.78131,
"PS": 1.2536,
"PT": -0.6611,
"PV": -0.95574,
"PW": -0.73676,
"PY": 0.029795,
"PolarPolar": 0.27662,
"QE": 1.4765,
"QF": 0.49759,
"QG": -0.14328,
"QH":  1.486,
"QI": -0.0077817,
"QK": 1.5668,
"QL": 1.6529,
"QM": 1.7315,
"QP": 2.4066,
"QS": 0.6331,
"QT": 0.58489,
"QV": 0.70286,
"QW": -0.62121,
"QY": -1.2118,
"RC": 1.0851,
"RD": -2.0607,
"RE": -1.759,
"RF": -1.1311,
"RG":  1.799,
"RH": -0.16573,
"RI": -0.11535,
"RK": 2.2309,
"RL": -0.50693,
"RM": -0.043415,
"RN": 0.41617,
"RP": 1.3073,
"RQ": 1.4078,
"RS": 1.1072,
"RT": -1.0183,
"RV": -0.52525,
"RW": -0.46812,
"RY": -0.81562,
"ST": 1.2633,
"SV": -0.24213,
"SW": -0.72933,
"SY": -0.20616,
"TV": 1.8248,
"TW": -0.68892,
"TY": -1.4355,
"WV": -0.34304,
"WY": 2.2001,
"YV": -1.2064,
"statio(A)": 0.35279,
"statio(C)": -0.69164,
"statio(D)": 0.061094,
"statio(E)": 0.39797,
"statio(F)": 0.11823,
"statio(G)": 0.42061,
"statio(H)": -0.15742,
"statio(I)": 0.73591,
"statio(K)": 0.31815,
"statio(L)":  1.022,
"statio(M)": -0.16094,
"statio(N)": -0.38192,
"statio(P)": -0.42181,
"statio(Q)": -0.56163,
"statio(R)": 0.21535,
"statio(S)": 0.20591,
"statio(T)": 0.22009,
"statio(V)": 0.55062,
"statio(W)": -1.5806,
"statio(Y)": -0.66165 
} 

